Title, Author,0
The Midnight Chronicles,Samantha Evans,10
Echoes of Eternity,Michael Carter,5
Whispers in the Dark,Sarah Johnson,8
The Forgotten Kingdom,David Roberts,12
Shadows of Destiny,Emily Thompson,7
Lost in the Woods,Christopher White,9
Echoes of the Past,Alexandra Martinez,6
The Secret Garden,William Brown,11
Beyond the Horizon,Emma Taylor,7
The Silent Observer,Nathan Harris,10
Echoes of Silence,Olivia Rodriguez,8
The Enchanted Forest,Liam Wilson,6
Under the Moonlight,Ava Clark,0
Whispers of the Wind,Ethan Martinez,7
Title, Author,0
The Midnight Chronicles,Samantha Evans,10
Echoes of Eternity,Michael Carter,5
Whispers in the Dark,Sarah Johnson,8
The Forgotten Kingdom,David Roberts,12
Shadows of Destiny,Emily Thompson,7
Lost in the Woods,Christopher White,9
Echoes of the Past,Alexandra Martinez,1
The Secret Garden,William Brown,11
Beyond the Horizon,Emma Taylor,7
The Silent Observer,Nathan Harris,10
Echoes of Silence,Olivia Rodriguez,8
The Enchanted Forest,Liam Wilson,6
Under the Moonlight,Ava Clark,9
Whispers of the Wind,Ethan Martinez,7
